[
    {
        "id": 1,
        "brand": "Toyota",
        "model": "Camry",
        "year": 2020,
        "color": "Silver"
    },
    {
        "id": 2,
        "brand": "Honda",
        "model": "Accord",
        "year": 2019,
        "color": "Black"
    },
    {
        "id": 3,
        "brand": "Ford",
        "model": "Fusion",
        "year": 2018,
        "color": "White"
    },
    {
        "id": 4,
        "brand": "Chevrolet",
        "model": "Malibu",
        "year": 2017,
        "color": "Red"
    },
    {
        "id": 5,
        "brand": "Nissan",
        "model": "Altima",
        "year": 2016,
        "color": "Blue"
    },
    {
        "id": 6,
        "brand": "Hyundai",
        "model": "Sonata",
        "year": 2015,
        "color": "Gray"
    }
]
